admin, masud@gmail.com, 12345, masud
admin, nuralom@gmail.com, 12345, Nuralom
user, humayonbd@gmail.com, 12345, Humayon
admin, sabujrahman923@gmail.com, sabuj123, sabuj
user, sajib@gmail.com, 12345, sajib
user, rakib@gmail.com, 12345, rakib
user, atabur@gmail.com, 12345, atabur
user, imran@gmail.com, 12345, imran
user, hira@gmail.com, 12345, hira
user, tapon@gmail.com, 12345, tapon
